Symbol,Name,Sector,Validtill
NESTLEIND,NESTLE INDIA,Consumer Goods,2021-10-29 18:35:47
HAL,Hindustan Aeronautics Limited,,2021-10-29 18:35:47
RBLBANK,RBL Bank Ltd.,Financial Services,2021-10-29 18:35:47
EQUITAS,Equitas Holdings Ltd.,Financial Services,2021-10-29 18:35:47
SAIL,Steel Authority of India Ltd.,Metals,2021-10-29 18:35:47
DISHTV,Dish TV India Ltd.,Media & Entertainment,2021-10-29 18:35:47
NAVINFLUOR,Navin Fluorine International Limited,Chemicals,2021-10-29 18:35:47
MCX,Multi Commodity Exchange Of India Limited,,2021-10-29 18:35:47
DCBBANK,DCB Bank Ltd.,Financial Services,2021-10-29 18:35:47
AMARAJABAT,Amara Raja Batteries Ltd.,Automobile,2021-10-29 18:35:47
ICICIPRULI,ICICI Prudential Life Insurance Company Ltd.,Financial Services,2021-10-29 18:35:47
IFCI,IFCI Ltd.,Financial Services,2021-10-29 18:35:47
TORNTPOWER,Torrent Power Ltd.,Energy,2021-10-29 18:35:47
YESBANK,Yes Bank Ltd.,Financial Services,2021-10-29 18:35:47
CUB,City Union Bank Limited,Financial Services,2021-10-29 18:35:47
BAJFINANCE,Bajaj Finance Ltd.,Financial Services,2021-10-29 18:35:47
GRANULES,Granules India Ltd.,Pharma,2021-10-29 18:35:47
MRF,MRF Ltd.,Automobile,2021-10-29 18:35:47
ULTRACEMCO,UltraTech Cement Ltd.,Cement & Cement Products,2021-10-29 18:35:47
BALKRISIND,Balkrishna Industries Ltd.,Automobile,2021-10-29 18:35:47